<?xml version="1.0" encoding="UTF-8"?>
<project-private xmlns="http://www.netbeans.org/ns/project-private/1">
    <editor-bookmarks xmlns="http://www.netbeans.org/ns/editor-bookmarks/2" lastBookmarkId="0"/>
    <open-files xmlns="http://www.netbeans.org/ns/projectui-open-files/2">
        <group>
            <file>file:/C:/Users/Pushpitha/Desktop/New%20folder/HospitalManagementSystem/HospitalManagementSystem/src/hms/HRStaffInterface.java</file>
            <file>file:/C:/Users/Pushpitha/Desktop/New%20folder/HospitalManagementSystem/HospitalManagementSystem/src/hms/HospitalManagementSystem.java</file>
            <file>file:/C:/Users/Pushpitha/Desktop/New%20folder/HospitalManagementSystem/HospitalManagementSystem/test/DataTest.java</file>
            <file>file:/C:/Users/Pushpitha/Desktop/New%20folder/HospitalManagementSystem/HospitalManagementSystem/src/hms/AddDoctorGUI.java</file>
            <file>file:/C:/Users/Pushpitha/Desktop/New%20folder/HospitalManagementSystem/HospitalManagementSystem/src/hms/AddDoctor.java</file>
            <file>file:/C:/Users/Pushpitha/Desktop/New%20folder/HospitalManagementSystem/HospitalManagementSystem/test/TestRunner.java</file>
        </group>
    </open-files>
</project-private>
